{"model_name": "biobert", "n_epochs": 10, "train_bs": 128, "test_bs": 64, "learning_rate": [[1.8e-05], [1.6000000000000003e-05], [1.4e-05], [1.2e-05], [1e-05], [8.000000000000001e-06], [6e-06], [4.000000000000001e-06], [2.0000000000000003e-06], [0.0]], "dgpus": true, "train_loss": [0.21549630181842974, 0.13086656101522373, 0.10152578690832251, 0.07583060147666307, 0.05619408102175884, 0.042307038666778124, 0.032041980326001286, 0.024616937104643983, 0.01772521607305729, 0.015672371883864413], "train_acc": [0.9141651031894934, 0.9537113039399625, 0.9651442307692307, 0.9743198874296435, 0.9815607410881801, 0.986515009380863, 0.9900328330206379, 0.9920848968105066, 0.995280253283302, 0.9958372420262664], "test_acc": [0.9387970453746043, 0.9453628795872904, 0.9440731621526557, 0.9438386680736311, 0.9433696799155822, 0.9398522687302145, 0.9419627154414351, 0.9417282213624106, 0.9426661976785086, 0.9436041739946066], "test_classification": ["              precision    recall  f1-score   support\n\n           0       0.97      0.94      0.95      5706\n           1       0.89      0.93      0.91      2823\n\n    accuracy                           0.94      8529\n   macro avg       0.93      0.94      0.93      8529\nweighted avg       0.94      0.94      0.94      8529\n", "              precision    recall  f1-score   support\n\n           0       0.95      0.96      0.96      5706\n           1       0.93      0.91      0.92      2823\n\n    accuracy                           0.95      8529\n   macro avg       0.94      0.94      0.94      8529\nweighted avg       0.95      0.95      0.95      8529\n", "              precision    recall  f1-score   support\n\n           0       0.97      0.95      0.96      5706\n           1       0.90      0.94      0.92      2823\n\n    accuracy                           0.94      8529\n   macro avg       0.93      0.94      0.94      8529\nweighted avg       0.95      0.94      0.94      8529\n", "              precision    recall  f1-score   support\n\n           0       0.95      0.96      0.96      5706\n           1       0.92      0.90      0.91      2823\n\n    accuracy                           0.94      8529\n   macro avg       0.94      0.93      0.94      8529\nweighted avg       0.94      0.94      0.94      8529\n", "              precision    recall  f1-score   support\n\n           0       0.97      0.95      0.96      5706\n           1       0.90      0.93      0.92      2823\n\n    accuracy                           0.94      8529\n   macro avg       0.93      0.94      0.94      8529\nweighted avg       0.94      0.94      0.94      8529\n", "              precision    recall  f1-score   support\n\n           0       0.97      0.94      0.95      5706\n           1       0.89      0.93      0.91      2823\n\n    accuracy                           0.94      8529\n   macro avg       0.93      0.94      0.93      8529\nweighted avg       0.94      0.94      0.94      8529\n", "              precision    recall  f1-score   support\n\n           0       0.95      0.96      0.96      5706\n           1       0.92      0.90      0.91      2823\n\n    accuracy                           0.94      8529\n   macro avg       0.94      0.93      0.93      8529\nweighted avg       0.94      0.94      0.94      8529\n", "              precision    recall  f1-score   support\n\n           0       0.96      0.96      0.96      5706\n           1       0.91      0.91      0.91      2823\n\n    accuracy                           0.94      8529\n   macro avg       0.93      0.93      0.93      8529\nweighted avg       0.94      0.94      0.94      8529\n", "              precision    recall  f1-score   support\n\n           0       0.96      0.96      0.96      5706\n           1       0.91      0.92      0.91      2823\n\n    accuracy                           0.94      8529\n   macro avg       0.93      0.94      0.94      8529\nweighted avg       0.94      0.94      0.94      8529\n", "              precision    recall  f1-score   support\n\n           0       0.96      0.96      0.96      5706\n           1       0.91      0.92      0.92      2823\n\n    accuracy                           0.94      8529\n   macro avg       0.94      0.94      0.94      8529\nweighted avg       0.94      0.94      0.94      8529\n"]}