{"model_name": "clinical", "n_epochs": 10, "train_bs": 128, "test_bs": 64, "learning_rate": [[1.8e-05], [1.6000000000000003e-05], [1.4e-05], [1.2e-05], [1e-05], [8.000000000000001e-06], [6e-06], [4.000000000000001e-06], [2.0000000000000003e-06], [0.0]], "dgpus": true, "train_loss": [0.24388819637146783, 0.14704594624399692, 0.11938040047772368, 0.0952039583540811, 0.07679476280267654, 0.06216591582650995, 0.0506223563387404, 0.043620607156432074, 0.03564707991014817, 0.031286428842086635], "train_acc": [0.8990091463414634, 0.9480827861163227, 0.9589294090056285, 0.9674015009380863, 0.9748182457786116, 0.9795086772983115, 0.9827919793621013, 0.9856062382739212, 0.9884498123827392, 0.9901500938086304], "test_acc": [0.9337554226755774, 0.9410247391253371, 0.9445421503107047, 0.9410247391253371, 0.9434869269550944, 0.9399695157697268, 0.9393832805721656, 0.938210810177043, 0.9372728338609451, 0.9390315394536288], "test_classification": ["              precision    recall  f1-score   support\n\n           0       0.97      0.93      0.95      5706\n           1       0.87      0.94      0.90      2823\n\n    accuracy                           0.93      8529\n   macro avg       0.92      0.94      0.93      8529\nweighted avg       0.94      0.93      0.93      8529\n", "              precision    recall  f1-score   support\n\n           0       0.95      0.97      0.96      5706\n           1       0.93      0.89      0.91      2823\n\n    accuracy                           0.94      8529\n   macro avg       0.94      0.93      0.93      8529\nweighted avg       0.94      0.94      0.94      8529\n", "              precision    recall  f1-score   support\n\n           0       0.96      0.96      0.96      5706\n           1       0.92      0.91      0.92      2823\n\n    accuracy                           0.94      8529\n   macro avg       0.94      0.94      0.94      8529\nweighted avg       0.94      0.94      0.94      8529\n", "              precision    recall  f1-score   support\n\n           0       0.97      0.95      0.96      5706\n           1       0.89      0.93      0.91      2823\n\n    accuracy                           0.94      8529\n   macro avg       0.93      0.94      0.93      8529\nweighted avg       0.94      0.94      0.94      8529\n", "              precision    recall  f1-score   support\n\n           0       0.96      0.96      0.96      5706\n           1       0.92      0.91      0.91      2823\n\n    accuracy                           0.94      8529\n   macro avg       0.94      0.93      0.94      8529\nweighted avg       0.94      0.94      0.94      8529\n", "              precision    recall  f1-score   support\n\n           0       0.95      0.96      0.96      5706\n           1       0.92      0.90      0.91      2823\n\n    accuracy                           0.94      8529\n   macro avg       0.93      0.93      0.93      8529\nweighted avg       0.94      0.94      0.94      8529\n", "              precision    recall  f1-score   support\n\n           0       0.96      0.95      0.95      5706\n           1       0.90      0.92      0.91      2823\n\n    accuracy                           0.94      8529\n   macro avg       0.93      0.93      0.93      8529\nweighted avg       0.94      0.94      0.94      8529\n", "              precision    recall  f1-score   support\n\n           0       0.96      0.95      0.95      5706\n           1       0.90      0.92      0.91      2823\n\n    accuracy                           0.94      8529\n   macro avg       0.93      0.93      0.93      8529\nweighted avg       0.94      0.94      0.94      8529\n", "              precision    recall  f1-score   support\n\n           0       0.95      0.95      0.95      5706\n           1       0.91      0.91      0.91      2823\n\n    accuracy                           0.94      8529\n   macro avg       0.93      0.93      0.93      8529\nweighted avg       0.94      0.94      0.94      8529\n", "              precision    recall  f1-score   support\n\n           0       0.96      0.95      0.95      5706\n           1       0.90      0.92      0.91      2823\n\n    accuracy                           0.94      8529\n   macro avg       0.93      0.93      0.93      8529\nweighted avg       0.94      0.94      0.94      8529\n"]}