{"model_name": "biolink", "n_epochs": 10, "train_bs": 128, "test_bs": 64, "learning_rate": [[1.8e-05], [1.6000000000000003e-05], [1.4e-05], [1.2e-05], [1e-05], [8.000000000000001e-06], [6e-06], [4.000000000000001e-06], [2.0000000000000003e-06], [0.0]], "dgpus": true, "train_loss": [0.20142357136482156, 0.12686456967326587, 0.10203108597504959, 0.0817294531058841, 0.06271081914853179, 0.05138858559119344, 0.04217529070933353, 0.03491215560583516, 0.027305170906749502, 0.025875022791828333], "train_acc": [0.9213473264540337, 0.9545907598499062, 0.9639716228893058, 0.972766181988743, 0.9788637429643527, 0.9840232176360225, 0.9863684333958724, 0.9894758442776735, 0.9916451688555347, 0.9920555816135085], "test_acc": [0.9454801266268027, 0.9491147848516825, 0.9431351858365576, 0.9459491147848517, 0.9481768085355845, 0.9447766443897292, 0.946535349982413, 0.9452456325477782, 0.9455973736663149, 0.9466525970219252], "test_classification": ["              precision    recall  f1-score   support\n\n           0       0.97      0.95      0.96      5706\n           1       0.90      0.94      0.92      2823\n\n    accuracy                           0.95      8529\n   macro avg       0.94      0.94      0.94      8529\nweighted avg       0.95      0.95      0.95      8529\n", "              precision    recall  f1-score   support\n\n           0       0.97      0.95      0.96      5706\n           1       0.91      0.94      0.92      2823\n\n    accuracy                           0.95      8529\n   macro avg       0.94      0.95      0.94      8529\nweighted avg       0.95      0.95      0.95      8529\n", "              precision    recall  f1-score   support\n\n           0       0.95      0.97      0.96      5706\n           1       0.94      0.89      0.91      2823\n\n    accuracy                           0.94      8529\n   macro avg       0.94      0.93      0.93      8529\nweighted avg       0.94      0.94      0.94      8529\n", "              precision    recall  f1-score   support\n\n           0       0.97      0.95      0.96      5706\n           1       0.90      0.94      0.92      2823\n\n    accuracy                           0.95      8529\n   macro avg       0.94      0.94      0.94      8529\nweighted avg       0.95      0.95      0.95      8529\n", "              precision    recall  f1-score   support\n\n           0       0.96      0.96      0.96      5706\n           1       0.92      0.92      0.92      2823\n\n    accuracy                           0.95      8529\n   macro avg       0.94      0.94      0.94      8529\nweighted avg       0.95      0.95      0.95      8529\n", "              precision    recall  f1-score   support\n\n           0       0.97      0.95      0.96      5706\n           1       0.90      0.94      0.92      2823\n\n    accuracy                           0.94      8529\n   macro avg       0.93      0.94      0.94      8529\nweighted avg       0.95      0.94      0.95      8529\n", "              precision    recall  f1-score   support\n\n           0       0.96      0.95      0.96      5706\n           1       0.91      0.93      0.92      2823\n\n    accuracy                           0.95      8529\n   macro avg       0.94      0.94      0.94      8529\nweighted avg       0.95      0.95      0.95      8529\n", "              precision    recall  f1-score   support\n\n           0       0.96      0.95      0.96      5706\n           1       0.91      0.93      0.92      2823\n\n    accuracy                           0.95      8529\n   macro avg       0.94      0.94      0.94      8529\nweighted avg       0.95      0.95      0.95      8529\n", "              precision    recall  f1-score   support\n\n           0       0.96      0.96      0.96      5706\n           1       0.91      0.93      0.92      2823\n\n    accuracy                           0.95      8529\n   macro avg       0.94      0.94      0.94      8529\nweighted avg       0.95      0.95      0.95      8529\n", "              precision    recall  f1-score   support\n\n           0       0.96      0.96      0.96      5706\n           1       0.92      0.92      0.92      2823\n\n    accuracy                           0.95      8529\n   macro avg       0.94      0.94      0.94      8529\nweighted avg       0.95      0.95      0.95      8529\n"]}