{"model_name": "pubmed", "n_epochs": 10, "train_bs": 128, "test_bs": 64, "learning_rate": [[1.8e-05], [1.6000000000000003e-05], [1.4e-05], [1.2e-05], [1e-05], [8.000000000000001e-06], [6e-06], [4.000000000000001e-06], [2.0000000000000003e-06], [0.0]], "dgpus": true, "train_loss": [0.19089695374561605, 0.12386626586987731, 0.09562259049535021, 0.0723378188901124, 0.05487849473367246, 0.04091655884517099, 0.03022242003479756, 0.023575400586775416, 0.016310131425179248, 0.013929599217964992], "train_acc": [0.9262429643527205, 0.9560858348968105, 0.9668445121951219, 0.9754924953095685, 0.9821470450281425, 0.9864270637898687, 0.9900328330206379, 0.9926125703564728, 0.9951336772983115, 0.9960717636022514], "test_acc": [0.9463008559033884, 0.9478250674170478, 0.9463008559033884, 0.9468870911009497, 0.9463008559033884, 0.9458318677453394, 0.9447766443897292, 0.9447766443897292, 0.945128385508266, 0.9461836088638762], "test_classification": ["              precision    recall  f1-score   support\n\n           0       0.96      0.96      0.96      5706\n           1       0.92      0.92      0.92      2823\n\n    accuracy                           0.95      8529\n   macro avg       0.94      0.94      0.94      8529\nweighted avg       0.95      0.95      0.95      8529\n", "              precision    recall  f1-score   support\n\n           0       0.97      0.95      0.96      5706\n           1       0.90      0.94      0.92      2823\n\n    accuracy                           0.95      8529\n   macro avg       0.94      0.95      0.94      8529\nweighted avg       0.95      0.95      0.95      8529\n", "              precision    recall  f1-score   support\n\n           0       0.97      0.95      0.96      5706\n           1       0.91      0.94      0.92      2823\n\n    accuracy                           0.95      8529\n   macro avg       0.94      0.94      0.94      8529\nweighted avg       0.95      0.95      0.95      8529\n", "              precision    recall  f1-score   support\n\n           0       0.96      0.96      0.96      5706\n           1       0.92      0.92      0.92      2823\n\n    accuracy                           0.95      8529\n   macro avg       0.94      0.94      0.94      8529\nweighted avg       0.95      0.95      0.95      8529\n", "              precision    recall  f1-score   support\n\n           0       0.96      0.96      0.96      5706\n           1       0.92      0.92      0.92      2823\n\n    accuracy                           0.95      8529\n   macro avg       0.94      0.94      0.94      8529\nweighted avg       0.95      0.95      0.95      8529\n", "              precision    recall  f1-score   support\n\n           0       0.96      0.96      0.96      5706\n           1       0.92      0.92      0.92      2823\n\n    accuracy                           0.95      8529\n   macro avg       0.94      0.94      0.94      8529\nweighted avg       0.95      0.95      0.95      8529\n", "              precision    recall  f1-score   support\n\n           0       0.97      0.95      0.96      5706\n           1       0.90      0.94      0.92      2823\n\n    accuracy                           0.94      8529\n   macro avg       0.93      0.94      0.94      8529\nweighted avg       0.95      0.94      0.95      8529\n", "              precision    recall  f1-score   support\n\n           0       0.96      0.96      0.96      5706\n           1       0.91      0.92      0.92      2823\n\n    accuracy                           0.94      8529\n   macro avg       0.94      0.94      0.94      8529\nweighted avg       0.94      0.94      0.94      8529\n", "              precision    recall  f1-score   support\n\n           0       0.96      0.96      0.96      5706\n           1       0.92      0.91      0.92      2823\n\n    accuracy                           0.95      8529\n   macro avg       0.94      0.94      0.94      8529\nweighted avg       0.95      0.95      0.95      8529\n", "              precision    recall  f1-score   support\n\n           0       0.96      0.96      0.96      5706\n           1       0.92      0.92      0.92      2823\n\n    accuracy                           0.95      8529\n   macro avg       0.94      0.94      0.94      8529\nweighted avg       0.95      0.95      0.95      8529\n"]}