{"model_name": "pubmed-fulltext", "n_epochs": 10, "train_bs": 128, "test_bs": 64, "learning_rate": [[1.8e-05], [1.6000000000000003e-05], [1.4e-05], [1.2e-05], [1e-05], [8.000000000000001e-06], [6e-06], [4.000000000000001e-06], [2.0000000000000003e-06], [0.0]], "dgpus": true, "train_loss": [0.21004205591948738, 0.12531168855140717, 0.10036250920303529, 0.08028476300897, 0.06272343709046363, 0.049179743433001445, 0.03858882806975436, 0.030278956009186665, 0.025012251831179534, 0.020836887138194583], "train_acc": [0.9148979831144465, 0.9550598030018762, 0.9641475140712945, 0.9714176829268293, 0.9781015478424016, 0.9833782833020638, 0.9874824108818011, 0.9902673545966229, 0.9922021575984991, 0.993374765478424], "test_acc": [0.9453628795872904, 0.950287255246805, 0.9473560792589987, 0.94794231445656, 0.9466525970219252, 0.9453628795872904, 0.9452456325477782, 0.9447766443897292, 0.9464181029429007, 0.9445421503107047], "test_classification": ["              precision    recall  f1-score   support\n\n           0       0.96      0.95      0.96      5706\n           1       0.91      0.93      0.92      2823\n\n    accuracy                           0.95      8529\n   macro avg       0.94      0.94      0.94      8529\nweighted avg       0.95      0.95      0.95      8529\n", "              precision    recall  f1-score   support\n\n           0       0.97      0.95      0.96      5706\n           1       0.91      0.95      0.93      2823\n\n    accuracy                           0.95      8529\n   macro avg       0.94      0.95      0.94      8529\nweighted avg       0.95      0.95      0.95      8529\n", "              precision    recall  f1-score   support\n\n           0       0.96      0.96      0.96      5706\n           1       0.91      0.93      0.92      2823\n\n    accuracy                           0.95      8529\n   macro avg       0.94      0.94      0.94      8529\nweighted avg       0.95      0.95      0.95      8529\n", "              precision    recall  f1-score   support\n\n           0       0.97      0.95      0.96      5706\n           1       0.91      0.94      0.92      2823\n\n    accuracy                           0.95      8529\n   macro avg       0.94      0.94      0.94      8529\nweighted avg       0.95      0.95      0.95      8529\n", "              precision    recall  f1-score   support\n\n           0       0.96      0.96      0.96      5706\n           1       0.92      0.92      0.92      2823\n\n    accuracy                           0.95      8529\n   macro avg       0.94      0.94      0.94      8529\nweighted avg       0.95      0.95      0.95      8529\n", "              precision    recall  f1-score   support\n\n           0       0.97      0.95      0.96      5706\n           1       0.90      0.94      0.92      2823\n\n    accuracy                           0.95      8529\n   macro avg       0.93      0.94      0.94      8529\nweighted avg       0.95      0.95      0.95      8529\n", "              precision    recall  f1-score   support\n\n           0       0.96      0.96      0.96      5706\n           1       0.92      0.92      0.92      2823\n\n    accuracy                           0.95      8529\n   macro avg       0.94      0.94      0.94      8529\nweighted avg       0.95      0.95      0.95      8529\n", "              precision    recall  f1-score   support\n\n           0       0.96      0.96      0.96      5706\n           1       0.92      0.91      0.92      2823\n\n    accuracy                           0.94      8529\n   macro avg       0.94      0.94      0.94      8529\nweighted avg       0.94      0.94      0.94      8529\n", "              precision    recall  f1-score   support\n\n           0       0.97      0.95      0.96      5706\n           1       0.91      0.93      0.92      2823\n\n    accuracy                           0.95      8529\n   macro avg       0.94      0.94      0.94      8529\nweighted avg       0.95      0.95      0.95      8529\n", "              precision    recall  f1-score   support\n\n           0       0.96      0.96      0.96      5706\n           1       0.91      0.92      0.92      2823\n\n    accuracy                           0.94      8529\n   macro avg       0.94      0.94      0.94      8529\nweighted avg       0.94      0.94      0.94      8529\n"]}