{"model_name": "clinical", "n_epochs": 10, "train_bs": 128, "test_bs": 64, "learning_rate": [[1.8e-05], [1.6000000000000003e-05], [1.4e-05], [1.2e-05], [1e-05], [8.000000000000001e-06], [6e-06], [4.000000000000001e-06], [2.0000000000000003e-06], [0.0]], "dgpus": true, "train_loss": [0.19904663875033482, 0.10555658874474004, 0.08220983532352127, 0.06404613478862618, 0.04972715787450892, 0.03793337777408334, 0.029502322420893266, 0.022016994321485402, 0.016656561844555256, 0.013548653366471116], "train_acc": [0.917724101746954, 0.9628067857212258, 0.9712209245836653, 0.9782748100503293, 0.9828802394045977, 0.9871553215056061, 0.9902644721245215, 0.9931210042556499, 0.994364664503216, 0.9958415110472008], "test_acc": [0.9602020987174504, 0.9612125923047027, 0.9614457831325302, 0.9609016712009327, 0.9627671978235522, 0.9602020987174504, 0.9581033812670035, 0.9586474931986009, 0.9584143023707734, 0.9585697629226584], "test_classification": ["              precision    recall  f1-score   support\n\n           0       0.95      0.96      0.95      5663\n           1       0.97      0.96      0.96      7202\n\n    accuracy                           0.96     12865\n   macro avg       0.96      0.96      0.96     12865\nweighted avg       0.96      0.96      0.96     12865\n", "              precision    recall  f1-score   support\n\n           0       0.96      0.96      0.96      5663\n           1       0.97      0.97      0.97      7202\n\n    accuracy                           0.96     12865\n   macro avg       0.96      0.96      0.96     12865\nweighted avg       0.96      0.96      0.96     12865\n", "              precision    recall  f1-score   support\n\n           0       0.94      0.97      0.96      5663\n           1       0.98      0.96      0.97      7202\n\n    accuracy                           0.96     12865\n   macro avg       0.96      0.96      0.96     12865\nweighted avg       0.96      0.96      0.96     12865\n", "              precision    recall  f1-score   support\n\n           0       0.94      0.97      0.96      5663\n           1       0.97      0.95      0.96      7202\n\n    accuracy                           0.96     12865\n   macro avg       0.96      0.96      0.96     12865\nweighted avg       0.96      0.96      0.96     12865\n", "              precision    recall  f1-score   support\n\n           0       0.97      0.95      0.96      5663\n           1       0.96      0.98      0.97      7202\n\n    accuracy                           0.96     12865\n   macro avg       0.96      0.96      0.96     12865\nweighted avg       0.96      0.96      0.96     12865\n", "              precision    recall  f1-score   support\n\n           0       0.95      0.96      0.96      5663\n           1       0.97      0.96      0.96      7202\n\n    accuracy                           0.96     12865\n   macro avg       0.96      0.96      0.96     12865\nweighted avg       0.96      0.96      0.96     12865\n", "              precision    recall  f1-score   support\n\n           0       0.94      0.96      0.95      5663\n           1       0.97      0.95      0.96      7202\n\n    accuracy                           0.96     12865\n   macro avg       0.96      0.96      0.96     12865\nweighted avg       0.96      0.96      0.96     12865\n", "              precision    recall  f1-score   support\n\n           0       0.95      0.96      0.95      5663\n           1       0.97      0.96      0.96      7202\n\n    accuracy                           0.96     12865\n   macro avg       0.96      0.96      0.96     12865\nweighted avg       0.96      0.96      0.96     12865\n", "              precision    recall  f1-score   support\n\n           0       0.94      0.96      0.95      5663\n           1       0.97      0.95      0.96      7202\n\n    accuracy                           0.96     12865\n   macro avg       0.96      0.96      0.96     12865\nweighted avg       0.96      0.96      0.96     12865\n", "              precision    recall  f1-score   support\n\n           0       0.94      0.96      0.95      5663\n           1       0.97      0.96      0.96      7202\n\n    accuracy                           0.96     12865\n   macro avg       0.96      0.96      0.96     12865\nweighted avg       0.96      0.96      0.96     12865\n"]}