{"model_name": "biolink", "n_epochs": 10, "train_bs": 128, "test_bs": 64, "learning_rate": [[1.8e-05], [1.6000000000000003e-05], [1.4e-05], [1.2e-05], [1e-05], [8.000000000000001e-06], [6e-06], [4.000000000000001e-06], [2.0000000000000003e-06], [0.0]], "dgpus": true, "train_loss": [0.17035728515756707, 0.09739713710859861, 0.07777816568854873, 0.058137649771637254, 0.04489184458677659, 0.0334290691198453, 0.02619209204683145, 0.020293676048123207, 0.014136566881757118, 0.011065577120660567], "train_acc": [0.934630108237306, 0.9659159363401411, 0.9738637026097433, 0.9807621305454616, 0.9850760770292066, 0.9891374050251647, 0.9908863022483045, 0.9935873768484872, 0.9954140028370999, 0.9966770952760343], "test_acc": [0.960124368441508, 0.9548387096774194, 0.9626117372716673, 0.967586474931986, 0.9630781189273222, 0.9664982510687913, 0.9615235134084726, 0.9598134473377381, 0.9536727555382821, 0.9597357170617956], "test_classification": ["              precision    recall  f1-score   support\n\n           0       0.95      0.96      0.95      5663\n           1       0.97      0.96      0.96      7202\n\n    accuracy                           0.96     12865\n   macro avg       0.96      0.96      0.96     12865\nweighted avg       0.96      0.96      0.96     12865\n", "              precision    recall  f1-score   support\n\n           0       0.93      0.97      0.95      5663\n           1       0.98      0.94      0.96      7202\n\n    accuracy                           0.95     12865\n   macro avg       0.95      0.96      0.95     12865\nweighted avg       0.96      0.95      0.95     12865\n", "              precision    recall  f1-score   support\n\n           0       0.95      0.97      0.96      5663\n           1       0.98      0.96      0.97      7202\n\n    accuracy                           0.96     12865\n   macro avg       0.96      0.96      0.96     12865\nweighted avg       0.96      0.96      0.96     12865\n", "              precision    recall  f1-score   support\n\n           0       0.96      0.96      0.96      5663\n           1       0.97      0.97      0.97      7202\n\n    accuracy                           0.97     12865\n   macro avg       0.97      0.97      0.97     12865\nweighted avg       0.97      0.97      0.97     12865\n", "              precision    recall  f1-score   support\n\n           0       0.95      0.97      0.96      5663\n           1       0.98      0.96      0.97      7202\n\n    accuracy                           0.96     12865\n   macro avg       0.96      0.96      0.96     12865\nweighted avg       0.96      0.96      0.96     12865\n", "              precision    recall  f1-score   support\n\n           0       0.96      0.97      0.96      5663\n           1       0.97      0.97      0.97      7202\n\n    accuracy                           0.97     12865\n   macro avg       0.97      0.97      0.97     12865\nweighted avg       0.97      0.97      0.97     12865\n", "              precision    recall  f1-score   support\n\n           0       0.95      0.97      0.96      5663\n           1       0.97      0.96      0.97      7202\n\n    accuracy                           0.96     12865\n   macro avg       0.96      0.96      0.96     12865\nweighted avg       0.96      0.96      0.96     12865\n", "              precision    recall  f1-score   support\n\n           0       0.94      0.97      0.96      5663\n           1       0.97      0.95      0.96      7202\n\n    accuracy                           0.96     12865\n   macro avg       0.96      0.96      0.96     12865\nweighted avg       0.96      0.96      0.96     12865\n", "              precision    recall  f1-score   support\n\n           0       0.93      0.97      0.95      5663\n           1       0.98      0.94      0.96      7202\n\n    accuracy                           0.95     12865\n   macro avg       0.95      0.96      0.95     12865\nweighted avg       0.95      0.95      0.95     12865\n", "              precision    recall  f1-score   support\n\n           0       0.94      0.97      0.95      5663\n           1       0.98      0.95      0.96      7202\n\n    accuracy                           0.96     12865\n   macro avg       0.96      0.96      0.96     12865\nweighted avg       0.96      0.96      0.96     12865\n"]}