{"model_name": "pubmed", "n_epochs": 10, "train_bs": 128, "test_bs": 64, "learning_rate": [[1.8e-05], [1.6000000000000003e-05], [1.4e-05], [1.2e-05], [1e-05], [8.000000000000001e-06], [6e-06], [4.000000000000001e-06], [2.0000000000000003e-06], [0.0]], "dgpus": true, "train_loss": [0.16240322764583912, 0.09242185578674596, 0.0683843285034852, 0.04983600927747915, 0.0355513530804154, 0.02660090581828234, 0.019900119801343097, 0.013152006300262732, 0.008969003545824772, 0.006941828747174793], "train_acc": [0.9366704883309691, 0.9671984609704436, 0.9760984046170886, 0.9834826373370125, 0.9881463632653854, 0.9911583529274597, 0.9933347583607003, 0.9959386720040418, 0.9972989253998173, 0.99770700141855], "test_acc": [0.9616012436844151, 0.9617567042363, 0.9648659152739992, 0.9643995336183443, 0.964010882238632, 0.9627671978235522, 0.9644772638942868, 0.9568596968519238, 0.9600466381655655, 0.9587252234745434], "test_classification": ["              precision    recall  f1-score   support\n\n           0       0.96      0.95      0.96      5663\n           1       0.96      0.97      0.97      7202\n\n    accuracy                           0.96     12865\n   macro avg       0.96      0.96      0.96     12865\nweighted avg       0.96      0.96      0.96     12865\n", "              precision    recall  f1-score   support\n\n           0       0.95      0.97      0.96      5663\n           1       0.97      0.96      0.97      7202\n\n    accuracy                           0.96     12865\n   macro avg       0.96      0.96      0.96     12865\nweighted avg       0.96      0.96      0.96     12865\n", "              precision    recall  f1-score   support\n\n           0       0.96      0.96      0.96      5663\n           1       0.97      0.97      0.97      7202\n\n    accuracy                           0.96     12865\n   macro avg       0.96      0.96      0.96     12865\nweighted avg       0.96      0.96      0.96     12865\n", "              precision    recall  f1-score   support\n\n           0       0.96      0.95      0.96      5663\n           1       0.96      0.97      0.97      7202\n\n    accuracy                           0.96     12865\n   macro avg       0.96      0.96      0.96     12865\nweighted avg       0.96      0.96      0.96     12865\n", "              precision    recall  f1-score   support\n\n           0       0.96      0.96      0.96      5663\n           1       0.97      0.97      0.97      7202\n\n    accuracy                           0.96     12865\n   macro avg       0.96      0.96      0.96     12865\nweighted avg       0.96      0.96      0.96     12865\n", "              precision    recall  f1-score   support\n\n           0       0.95      0.96      0.96      5663\n           1       0.97      0.96      0.97      7202\n\n    accuracy                           0.96     12865\n   macro avg       0.96      0.96      0.96     12865\nweighted avg       0.96      0.96      0.96     12865\n", "              precision    recall  f1-score   support\n\n           0       0.96      0.96      0.96      5663\n           1       0.97      0.97      0.97      7202\n\n    accuracy                           0.96     12865\n   macro avg       0.96      0.96      0.96     12865\nweighted avg       0.96      0.96      0.96     12865\n", "              precision    recall  f1-score   support\n\n           0       0.94      0.97      0.95      5663\n           1       0.97      0.95      0.96      7202\n\n    accuracy                           0.96     12865\n   macro avg       0.96      0.96      0.96     12865\nweighted avg       0.96      0.96      0.96     12865\n", "              precision    recall  f1-score   support\n\n           0       0.94      0.97      0.96      5663\n           1       0.97      0.96      0.96      7202\n\n    accuracy                           0.96     12865\n   macro avg       0.96      0.96      0.96     12865\nweighted avg       0.96      0.96      0.96     12865\n", "              precision    recall  f1-score   support\n\n           0       0.94      0.97      0.95      5663\n           1       0.97      0.95      0.96      7202\n\n    accuracy                           0.96     12865\n   macro avg       0.96      0.96      0.96     12865\nweighted avg       0.96      0.96      0.96     12865\n"]}