{"model_name": "biobert", "n_epochs": 10, "train_bs": 128, "test_bs": 64, "learning_rate": [[1.8e-05], [1.6000000000000003e-05], [1.4e-05], [1.2e-05], [1e-05], [8.000000000000001e-06], [6e-06], [4.000000000000001e-06], [2.0000000000000003e-06], [0.0]], "dgpus": true, "train_loss": [0.23351717269206795, 0.13502923337400227, 0.10104426531948049, 0.07348076107957706, 0.056995307132935845, 0.04189901145993661, 0.03191613021720151, 0.023617252698606674, 0.01749035324708187, 0.01457324786155564], "train_acc": [0.9069334083397792, 0.9534139652626398, 0.9667744884325997, 0.9777090218690668, 0.9824555235215526, 0.9872371844455383, 0.9901905632515294, 0.9928978271570214, 0.9950777019900148, 0.995640250334013], "test_acc": [0.9432708867878106, 0.9493515166426487, 0.9483673684580507, 0.9515658500579944, 0.9526554426909423, 0.9526202945414924, 0.9546940353590383, 0.9546237390601385, 0.9539910723700398, 0.9539910723700398], "test_classification": ["              precision    recall  f1-score   support\n\n           0       0.96      0.93      0.94     14224\n           1       0.93      0.96      0.94     14227\n\n    accuracy                           0.94     28451\n   macro avg       0.94      0.94      0.94     28451\nweighted avg       0.94      0.94      0.94     28451\n", "              precision    recall  f1-score   support\n\n           0       0.96      0.94      0.95     14224\n           1       0.94      0.96      0.95     14227\n\n    accuracy                           0.95     28451\n   macro avg       0.95      0.95      0.95     28451\nweighted avg       0.95      0.95      0.95     28451\n", "              precision    recall  f1-score   support\n\n           0       0.97      0.93      0.95     14224\n           1       0.93      0.97      0.95     14227\n\n    accuracy                           0.95     28451\n   macro avg       0.95      0.95      0.95     28451\nweighted avg       0.95      0.95      0.95     28451\n", "              precision    recall  f1-score   support\n\n           0       0.96      0.95      0.95     14224\n           1       0.95      0.96      0.95     14227\n\n    accuracy                           0.95     28451\n   macro avg       0.95      0.95      0.95     28451\nweighted avg       0.95      0.95      0.95     28451\n", "              precision    recall  f1-score   support\n\n           0       0.97      0.94      0.95     14224\n           1       0.94      0.97      0.95     14227\n\n    accuracy                           0.95     28451\n   macro avg       0.95      0.95      0.95     28451\nweighted avg       0.95      0.95      0.95     28451\n", "              precision    recall  f1-score   support\n\n           0       0.97      0.94      0.95     14224\n           1       0.94      0.97      0.95     14227\n\n    accuracy                           0.95     28451\n   macro avg       0.95      0.95      0.95     28451\nweighted avg       0.95      0.95      0.95     28451\n", "              precision    recall  f1-score   support\n\n           0       0.96      0.94      0.95     14224\n           1       0.95      0.97      0.96     14227\n\n    accuracy                           0.95     28451\n   macro avg       0.95      0.95      0.95     28451\nweighted avg       0.95      0.95      0.95     28451\n", "              precision    recall  f1-score   support\n\n           0       0.96      0.94      0.95     14224\n           1       0.94      0.97      0.96     14227\n\n    accuracy                           0.95     28451\n   macro avg       0.95      0.95      0.95     28451\nweighted avg       0.95      0.95      0.95     28451\n", "              precision    recall  f1-score   support\n\n           0       0.97      0.94      0.95     14224\n           1       0.94      0.97      0.95     14227\n\n    accuracy                           0.95     28451\n   macro avg       0.95      0.95      0.95     28451\nweighted avg       0.95      0.95      0.95     28451\n", "              precision    recall  f1-score   support\n\n           0       0.97      0.94      0.95     14224\n           1       0.94      0.97      0.95     14227\n\n    accuracy                           0.95     28451\n   macro avg       0.95      0.95      0.95     28451\nweighted avg       0.95      0.95      0.95     28451\n"]}