{"model_name": "clinical", "n_epochs": 10, "train_bs": 128, "test_bs": 64, "learning_rate": [[1.8e-05], [1.6000000000000003e-05], [1.4e-05], [1.2e-05], [1e-05], [8.000000000000001e-06], [6e-06], [4.000000000000001e-06], [2.0000000000000003e-06], [0.0]], "dgpus": true, "train_loss": [0.26005974913124547, 0.15000001319387568, 0.1170061703587594, 0.09049084338238421, 0.07119506226660424, 0.05531172559600774, 0.04316913071318191, 0.03557947172570322, 0.02960799764706064, 0.025277447823075904], "train_acc": [0.8934674073553196, 0.9486323043386541, 0.9604458195626187, 0.9711342380985866, 0.9771464735250686, 0.9837915758385486, 0.9879052106040362, 0.9894522185500316, 0.9918782082835244, 0.9930384642430209], "test_acc": [0.936452145794524, 0.9465045165372044, 0.9468911461811536, 0.9489297388492496, 0.9509683315173456, 0.9493866647920987, 0.9485079610558504, 0.9496678499876982, 0.9509683315173456, 0.950757442620646], "test_classification": ["              precision    recall  f1-score   support\n\n           0       0.96      0.91      0.93     14224\n           1       0.92      0.96      0.94     14227\n\n    accuracy                           0.94     28451\n   macro avg       0.94      0.94      0.94     28451\nweighted avg       0.94      0.94      0.94     28451\n", "              precision    recall  f1-score   support\n\n           0       0.96      0.93      0.95     14224\n           1       0.93      0.96      0.95     14227\n\n    accuracy                           0.95     28451\n   macro avg       0.95      0.95      0.95     28451\nweighted avg       0.95      0.95      0.95     28451\n", "              precision    recall  f1-score   support\n\n           0       0.96      0.93      0.95     14224\n           1       0.93      0.96      0.95     14227\n\n    accuracy                           0.95     28451\n   macro avg       0.95      0.95      0.95     28451\nweighted avg       0.95      0.95      0.95     28451\n", "              precision    recall  f1-score   support\n\n           0       0.95      0.95      0.95     14224\n           1       0.95      0.95      0.95     14227\n\n    accuracy                           0.95     28451\n   macro avg       0.95      0.95      0.95     28451\nweighted avg       0.95      0.95      0.95     28451\n", "              precision    recall  f1-score   support\n\n           0       0.96      0.94      0.95     14224\n           1       0.94      0.97      0.95     14227\n\n    accuracy                           0.95     28451\n   macro avg       0.95      0.95      0.95     28451\nweighted avg       0.95      0.95      0.95     28451\n", "              precision    recall  f1-score   support\n\n           0       0.97      0.93      0.95     14224\n           1       0.93      0.97      0.95     14227\n\n    accuracy                           0.95     28451\n   macro avg       0.95      0.95      0.95     28451\nweighted avg       0.95      0.95      0.95     28451\n", "              precision    recall  f1-score   support\n\n           0       0.97      0.93      0.95     14224\n           1       0.93      0.97      0.95     14227\n\n    accuracy                           0.95     28451\n   macro avg       0.95      0.95      0.95     28451\nweighted avg       0.95      0.95      0.95     28451\n", "              precision    recall  f1-score   support\n\n           0       0.97      0.93      0.95     14224\n           1       0.93      0.97      0.95     14227\n\n    accuracy                           0.95     28451\n   macro avg       0.95      0.95      0.95     28451\nweighted avg       0.95      0.95      0.95     28451\n", "              precision    recall  f1-score   support\n\n           0       0.97      0.93      0.95     14224\n           1       0.94      0.97      0.95     14227\n\n    accuracy                           0.95     28451\n   macro avg       0.95      0.95      0.95     28451\nweighted avg       0.95      0.95      0.95     28451\n", "              precision    recall  f1-score   support\n\n           0       0.97      0.93      0.95     14224\n           1       0.93      0.97      0.95     14227\n\n    accuracy                           0.95     28451\n   macro avg       0.95      0.95      0.95     28451\nweighted avg       0.95      0.95      0.95     28451\n"]}