{"model_name": "biolink", "n_epochs": 10, "train_bs": 128, "test_bs": 64, "learning_rate": [[1.8e-05], [1.6000000000000003e-05], [1.4e-05], [1.2e-05], [1e-05], [8.000000000000001e-06], [6e-06], [4.000000000000001e-06], [2.0000000000000003e-06], [0.0]], "dgpus": true, "train_loss": [0.22918787986173758, 0.13051745872694012, 0.10253357302581248, 0.07998091656497508, 0.05986292368310583, 0.048247549572182746, 0.0381151247005325, 0.030869098959152373, 0.024646486250178328, 0.021518509910178826], "train_acc": [0.9030307292032909, 0.9545039026791365, 0.9661416215456016, 0.9740876169045778, 0.9811897897475564, 0.9844947612685465, 0.9882216440475353, 0.9908585894100275, 0.9928978271570214, 0.9944799943745165], "test_acc": [0.9489648869986995, 0.9531123686337915, 0.9529366278865418, 0.9570841095216337, 0.9542371094161892, 0.9564514428315349, 0.9581737021545815, 0.9562405539348353, 0.9562757020842853, 0.9575410354644828], "test_classification": ["              precision    recall  f1-score   support\n\n           0       0.95      0.94      0.95     14224\n           1       0.94      0.95      0.95     14227\n\n    accuracy                           0.95     28451\n   macro avg       0.95      0.95      0.95     28451\nweighted avg       0.95      0.95      0.95     28451\n", "              precision    recall  f1-score   support\n\n           0       0.95      0.95      0.95     14224\n           1       0.95      0.95      0.95     14227\n\n    accuracy                           0.95     28451\n   macro avg       0.95      0.95      0.95     28451\nweighted avg       0.95      0.95      0.95     28451\n", "              precision    recall  f1-score   support\n\n           0       0.96      0.95      0.95     14224\n           1       0.95      0.96      0.95     14227\n\n    accuracy                           0.95     28451\n   macro avg       0.95      0.95      0.95     28451\nweighted avg       0.95      0.95      0.95     28451\n", "              precision    recall  f1-score   support\n\n           0       0.96      0.95      0.96     14224\n           1       0.95      0.96      0.96     14227\n\n    accuracy                           0.96     28451\n   macro avg       0.96      0.96      0.96     28451\nweighted avg       0.96      0.96      0.96     28451\n", "              precision    recall  f1-score   support\n\n           0       0.98      0.93      0.95     14224\n           1       0.93      0.98      0.96     14227\n\n    accuracy                           0.95     28451\n   macro avg       0.96      0.95      0.95     28451\nweighted avg       0.96      0.95      0.95     28451\n", "              precision    recall  f1-score   support\n\n           0       0.97      0.94      0.96     14224\n           1       0.94      0.97      0.96     14227\n\n    accuracy                           0.96     28451\n   macro avg       0.96      0.96      0.96     28451\nweighted avg       0.96      0.96      0.96     28451\n", "              precision    recall  f1-score   support\n\n           0       0.97      0.95      0.96     14224\n           1       0.95      0.97      0.96     14227\n\n    accuracy                           0.96     28451\n   macro avg       0.96      0.96      0.96     28451\nweighted avg       0.96      0.96      0.96     28451\n", "              precision    recall  f1-score   support\n\n           0       0.97      0.94      0.96     14224\n           1       0.94      0.98      0.96     14227\n\n    accuracy                           0.96     28451\n   macro avg       0.96      0.96      0.96     28451\nweighted avg       0.96      0.96      0.96     28451\n", "              precision    recall  f1-score   support\n\n           0       0.97      0.94      0.96     14224\n           1       0.94      0.97      0.96     14227\n\n    accuracy                           0.96     28451\n   macro avg       0.96      0.96      0.96     28451\nweighted avg       0.96      0.96      0.96     28451\n", "              precision    recall  f1-score   support\n\n           0       0.97      0.94      0.96     14224\n           1       0.95      0.97      0.96     14227\n\n    accuracy                           0.96     28451\n   macro avg       0.96      0.96      0.96     28451\nweighted avg       0.96      0.96      0.96     28451\n"]}