{"model_name": "pubmed", "n_epochs": 10, "train_bs": 128, "test_bs": 64, "learning_rate": [[1.8e-05], [1.6000000000000003e-05], [1.4e-05], [1.2e-05], [1e-05], [8.000000000000001e-06], [6e-06], [4.000000000000001e-06], [2.0000000000000003e-06], [0.0]], "dgpus": true, "train_loss": [0.21774888718542496, 0.12259019231381972, 0.09003561107032503, 0.06524186940120341, 0.04878087511762241, 0.03658192838028474, 0.027403534973675026, 0.02056743975727706, 0.016019552437883004, 0.01291170517962025], "train_acc": [0.9112228394627663, 0.9577385556571267, 0.9702200970395893, 0.9791505520005626, 0.9848111947120456, 0.9889248294775332, 0.9915969341115252, 0.9939174460305182, 0.9952886576190141, 0.996343435764011], "test_acc": [0.9485079610558504, 0.9532178130821413, 0.9565217391304348, 0.9568380724754841, 0.9578925169589821, 0.9551861094513374, 0.9592632947875295, 0.958490035499631, 0.9571192576710836, 0.9583142947523813], "test_classification": ["              precision    recall  f1-score   support\n\n           0       0.95      0.94      0.95     14224\n           1       0.94      0.96      0.95     14227\n\n    accuracy                           0.95     28451\n   macro avg       0.95      0.95      0.95     28451\nweighted avg       0.95      0.95      0.95     28451\n", "              precision    recall  f1-score   support\n\n           0       0.97      0.94      0.95     14224\n           1       0.94      0.97      0.95     14227\n\n    accuracy                           0.95     28451\n   macro avg       0.95      0.95      0.95     28451\nweighted avg       0.95      0.95      0.95     28451\n", "              precision    recall  f1-score   support\n\n           0       0.97      0.95      0.96     14224\n           1       0.95      0.97      0.96     14227\n\n    accuracy                           0.96     28451\n   macro avg       0.96      0.96      0.96     28451\nweighted avg       0.96      0.96      0.96     28451\n", "              precision    recall  f1-score   support\n\n           0       0.98      0.94      0.96     14224\n           1       0.94      0.98      0.96     14227\n\n    accuracy                           0.96     28451\n   macro avg       0.96      0.96      0.96     28451\nweighted avg       0.96      0.96      0.96     28451\n", "              precision    recall  f1-score   support\n\n           0       0.98      0.94      0.96     14224\n           1       0.94      0.98      0.96     14227\n\n    accuracy                           0.96     28451\n   macro avg       0.96      0.96      0.96     28451\nweighted avg       0.96      0.96      0.96     28451\n", "              precision    recall  f1-score   support\n\n           0       0.97      0.94      0.95     14224\n           1       0.94      0.98      0.96     14227\n\n    accuracy                           0.96     28451\n   macro avg       0.96      0.96      0.96     28451\nweighted avg       0.96      0.96      0.96     28451\n", "              precision    recall  f1-score   support\n\n           0       0.96      0.95      0.96     14224\n           1       0.95      0.97      0.96     14227\n\n    accuracy                           0.96     28451\n   macro avg       0.96      0.96      0.96     28451\nweighted avg       0.96      0.96      0.96     28451\n", "              precision    recall  f1-score   support\n\n           0       0.97      0.95      0.96     14224\n           1       0.95      0.97      0.96     14227\n\n    accuracy                           0.96     28451\n   macro avg       0.96      0.96      0.96     28451\nweighted avg       0.96      0.96      0.96     28451\n", "              precision    recall  f1-score   support\n\n           0       0.97      0.94      0.96     14224\n           1       0.95      0.97      0.96     14227\n\n    accuracy                           0.96     28451\n   macro avg       0.96      0.96      0.96     28451\nweighted avg       0.96      0.96      0.96     28451\n", "              precision    recall  f1-score   support\n\n           0       0.97      0.95      0.96     14224\n           1       0.95      0.97      0.96     14227\n\n    accuracy                           0.96     28451\n   macro avg       0.96      0.96      0.96     28451\nweighted avg       0.96      0.96      0.96     28451\n"]}