{"model_name": "pubmed-fulltext", "n_epochs": 10, "train_bs": 128, "test_bs": 64, "learning_rate": [[1.8e-05], [1.6000000000000003e-05], [1.4e-05], [1.2e-05], [1e-05], [8.000000000000001e-06], [6e-06], [4.000000000000001e-06], [2.0000000000000003e-06], [0.0]], "dgpus": true, "train_loss": [0.2265112104704562, 0.12795533460351918, 0.10143457552743868, 0.07743565072493436, 0.05966639800640366, 0.047993123160691875, 0.037095110138853166, 0.03187773820177773, 0.023488365395637773, 0.020329315684142736], "train_acc": [0.905667674565783, 0.9567892553266296, 0.9667041698895998, 0.9747556430630757, 0.9819632937205541, 0.9852682652415442, 0.9886787145770339, 0.9906124745095282, 0.9932494198720202, 0.9939526053020181], "test_acc": [0.9493163684931988, 0.9522688130469931, 0.9540965168183895, 0.956416294682085, 0.9560648131875856, 0.9559945168886859, 0.9566623317282346, 0.9561351094864855, 0.9552212576007874, 0.9563811465326351], "test_classification": ["              precision    recall  f1-score   support\n\n           0       0.96      0.94      0.95     14224\n           1       0.94      0.96      0.95     14227\n\n    accuracy                           0.95     28451\n   macro avg       0.95      0.95      0.95     28451\nweighted avg       0.95      0.95      0.95     28451\n", "              precision    recall  f1-score   support\n\n           0       0.97      0.93      0.95     14224\n           1       0.94      0.97      0.95     14227\n\n    accuracy                           0.95     28451\n   macro avg       0.95      0.95      0.95     28451\nweighted avg       0.95      0.95      0.95     28451\n", "              precision    recall  f1-score   support\n\n           0       0.97      0.94      0.95     14224\n           1       0.94      0.97      0.95     14227\n\n    accuracy                           0.95     28451\n   macro avg       0.95      0.95      0.95     28451\nweighted avg       0.95      0.95      0.95     28451\n", "              precision    recall  f1-score   support\n\n           0       0.96      0.95      0.96     14224\n           1       0.95      0.96      0.96     14227\n\n    accuracy                           0.96     28451\n   macro avg       0.96      0.96      0.96     28451\nweighted avg       0.96      0.96      0.96     28451\n", "              precision    recall  f1-score   support\n\n           0       0.97      0.95      0.96     14224\n           1       0.95      0.97      0.96     14227\n\n    accuracy                           0.96     28451\n   macro avg       0.96      0.96      0.96     28451\nweighted avg       0.96      0.96      0.96     28451\n", "              precision    recall  f1-score   support\n\n           0       0.96      0.95      0.96     14224\n           1       0.95      0.97      0.96     14227\n\n    accuracy                           0.96     28451\n   macro avg       0.96      0.96      0.96     28451\nweighted avg       0.96      0.96      0.96     28451\n", "              precision    recall  f1-score   support\n\n           0       0.96      0.95      0.96     14224\n           1       0.95      0.96      0.96     14227\n\n    accuracy                           0.96     28451\n   macro avg       0.96      0.96      0.96     28451\nweighted avg       0.96      0.96      0.96     28451\n", "              precision    recall  f1-score   support\n\n           0       0.97      0.95      0.96     14224\n           1       0.95      0.97      0.96     14227\n\n    accuracy                           0.96     28451\n   macro avg       0.96      0.96      0.96     28451\nweighted avg       0.96      0.96      0.96     28451\n", "              precision    recall  f1-score   support\n\n           0       0.97      0.94      0.95     14224\n           1       0.94      0.97      0.96     14227\n\n    accuracy                           0.96     28451\n   macro avg       0.96      0.96      0.96     28451\nweighted avg       0.96      0.96      0.96     28451\n", "              precision    recall  f1-score   support\n\n           0       0.97      0.94      0.96     14224\n           1       0.95      0.97      0.96     14227\n\n    accuracy                           0.96     28451\n   macro avg       0.96      0.96      0.96     28451\nweighted avg       0.96      0.96      0.96     28451\n"]}